{
  "timestamp": "2026-01-05T18:49:22.527270",
  "results": [
    {
      "num_clients": 4,
      "total_time": 1.207012414932251,
      "time_per_round": 0.4023374716440837,
      "memory_peak_mb": 614.7421875,
      "final_accuracy": 0.3,
      "final_loss": 1.3950499296188354,
      "convergence_round": null
    },
    {
      "num_clients": 8,
      "total_time": 0.05907583236694336,
      "time_per_round": 0.019691944122314453,
      "memory_peak_mb": 615.1171875,
      "final_accuracy": 0.2625,
      "final_loss": 1.3834078162908554,
      "convergence_round": null
    }
  ]
}