{
  "timestamp": "2026-01-05T23:56:38.772508",
  "results": [
    {
      "num_clients": 4,
      "total_time": 2.0303614139556885,
      "time_per_round": 0.6767871379852295,
      "memory_peak_mb": 275.81640625,
      "final_accuracy": 0.3,
      "final_loss": 1.3950499594211578,
      "convergence_round": null
    },
    {
      "num_clients": 8,
      "total_time": 0.06206083297729492,
      "time_per_round": 0.020686944325764973,
      "memory_peak_mb": 276.15234375,
      "final_accuracy": 0.2625,
      "final_loss": 1.383407786488533,
      "convergence_round": null
    }
  ]
}